/* Commande/Contenant/Etat/Livraison/Reglement/sitePaiement/Transporteur*/

/********************************************************************SITEPAIEMENT********************************************************************/

insert into sitePaiement(nomSitePaiement, lienSitePaiement) values
('Paypal','https://www.paypal.com'),
('Payzen','https://payzen.eu/'),
('Payline','www.payline.com/')

/********************************************************************TRANSPORTEUR********************************************************************/

insert into transporteur(nomTransporteur, telephoneTransporteur, avisTransporteur) values
('Chronopost','0825801801','CHER, PAS PRO!!'),
('GLS','0102030405','pas cher'),
('La Poste','0506080709','Classique')

/*********************************************************************ETAT*************************************************************************/

insert into etat(typeEtat, nomEtat) values
(0,'En cours'),
(1,'En preparation'),
(2,'Livre'),
(3,'Colis Vol�'),
(4,'Colis Perdu'),
(5,'En point Relais')

/******************************************************************COMMANDE*************************************************************************/

insert into commande (numeroCommande,idSitePaiement,idClient,idEtat,idLivraisonCoordonnees,idFacturationCoordonnees,dateCommande,modePaiementCommande
,dateLivraisonCommande,ipCommande, referencePaiement, referenceColisCommande) values

('00000000000000000001', '', '', '','','','2015-20-10','Carte Bancaire','2015-22-10','10.75.240.60','00000000000000000001','00000000000000000001'),
('00000000000000000002', '', '', '','','','2015-20-12','Carte Bancaire','2015-23-12','70.72.200.25','00000000000000000002','00000000000000000002'),
('00000000000000000003', '', '', '','','','2014-10-08','Carte Bancaire','2014-10-11','11.33.145.36','00000000000000000003','00000000000000000003'),
('00000000000000000004', '', '', '','','','2015-01-01','Carte Bancaire','2015-01-02','15.25.120.64','00000000000000000004','00000000000000000004'),
('00000000000000000005', '', '', '','','','2016-11-02','Carte Bancaire','2016-11-10','100.28.167.17','00000000000000000005','00000000000000000005')


/*******************************************************************CONTENANT**********************************************************************/

insert into contenant (isbnLivre, numeroCommande, nbLivre, prixVente, TVA, promotion) values
('','00000000000000000001','3',10.20,5.5,0),
('','00000000000000000001','1',8.50,5.5,0),
('','00000000000000000001','1',20.00,5.5,0),
('','00000000000000000002','7',10.00,5.5,0),
('','00000000000000000003','2',15.50,5.5,5),
('','00000000000000000003','1',4.99,5.5,0),
('','00000000000000000004','1',10.20,5.5,0),
('','00000000000000000004','3',10.20,5.5,5),
('','00000000000000000004','4',10.20,5.5,0),
('','00000000000000000004','3',10.20,5.5,0),
('','00000000000000000005','15',1.20,5.5,0)


/********************************************************************LIVRAISON**********************************************************************/

insert into livraison(idClient, idCoordonnees) values
('',''),
('',''),
('',''),
('',''),
('','')

/********************************************************************REGLEMENT**********************************************************************/

insert into reglement(idCoordonnees, idClient) values
('',''),
('',''),
('',''),
('',''),
('','')

