Insert Into zone (NumZone, TypeLecteur, HorairesOuvertures,HorairesFermetures) Values ('0','C','06:15:00','20:00:00');
Insert Into zone (NumZone, TypeLecteur, HorairesOuvertures,HorairesFermetures) Values ('2','P','10:00:00','18:45:00');
Insert Into zone (NumZone, TypeLecteur, HorairesOuvertures,HorairesFermetures) Values ('3','B','09:30:00','18:15:00');
Insert Into zone (NumZone, TypeLecteur, HorairesOuvertures,HorairesFermetures) Values ('4','M','09:00:00','17:45:00');

Insert Into Badge (Identifiant, Code, Nom, Prenom, NumZoneAutorisee, DateCreation) Values ('1122334455','1234','Dupont','Paul','2','2008-10-03');
Insert Into Badge (Identifiant, Code, Nom, Prenom, NumZoneAutorisee, DateCreation) Values ('1166778899','5678','Martin','Pierre','3','2008-10-03');
Insert Into Badge (Identifiant, Code, Nom, Prenom, NumZoneAutorisee, DateCreation) Values ('1212121212','1212','Visiteur','XX','1','2008-10-17');
Insert Into Badge (Identifiant, Code, Nom, Prenom, NumZoneAutorisee, DateCreation) Values ('1112211122','1221','Broudic','Jimmy','1','2008-10-07');
Insert Into Badge (Identifiant, Code, Nom, Prenom, NumZoneAutorisee, DateCreation) Values ('1113311133','1331','Cadoret','Cedric','2','2008-10-09');
Insert Into Badge (Identifiant, Code, Nom, Prenom, NumZoneAutorisee, DateCreation) Values ('1114411144','1441','Julien','Benoit','2','2008-10-09');
Insert Into Badge (Identifiant, Code, Nom, Prenom, NumZoneAutorisee, DateCreation) Values ('1115511155','1551','Maroc','franck','3','2008-10-10');
Insert Into Badge (Identifiant, Code, Nom, Prenom, NumZoneAutorisee, DateCreation) Values ('1116611166','1661','Rodrigues','Laura','4','2008-10-11');
Insert Into Badge (Identifiant, Code, Nom, Prenom, NumZoneAutorisee, DateCreation) Values ('1117711177','1771','Cazot','Cedric','3','2008-10-15');
Insert Into Badge (Identifiant, Code, Nom, Prenom, NumZoneAutorisee, DateCreation) Values ('1118811188','1881','Colin','Kevin','4','2008-10-15');
Insert Into Badge (Identifiant, Code, Nom, Prenom, NumZoneAutorisee, DateCreation) Values ('1119911199','1991','Lave','Brice','4','2008-10-16');
Insert Into Badge (Identifiant, Code, Nom, Prenom, NumZoneAutorisee, DateCreation) Values ('1110011100','1001','Pace','Adrien','2','2008-10-18');
Insert Into Badge (Identifiant, Code, Nom, Prenom, NumZoneAutorisee, DateCreation) Values ('1111122222','1122','GARDIEN','Gerard','0','2008-10-01');

Insert Into Horaire (IDPersonne,HeurePassage,DatePassage,Numero) Values ('1122334455','10:01:00','2008-10-20','2');
Insert Into Horaire (IDPersonne,HeurePassage,DatePassage,Numero) Values ('1166778899','09:35:00','2008-10-21','3');
Insert Into Horaire (IDPersonne,HeurePassage,DatePassage,Numero) Values ('1166778899','18:00:00','2008-10-21','4');
Insert Into Horaire (IDPersonne,HeurePassage,DatePassage,Numero) Values ('1122334455','18:30:00','2008-10-20','5');
Insert Into Horaire (IDPersonne,HeurePassage,DatePassage,Numero) Values ('1166778899','13:35:00','2008-10-21','6');
Insert Into Horaire (IDPersonne,HeurePassage,DatePassage,Numero) Values ('1212121212','15:00:00','2008-10-26','7');
Insert Into Horaire (IDPersonne,HeurePassage,DatePassage,Numero) Values ('1234512345','10:30:00','2008-10-20','8');
Insert Into Horaire (IDPersonne,HeurePassage,DatePassage,Numero) Values ('1166778899','12:30:00','2008-10-21','9');
Insert Into Horaire (IDPersonne,HeurePassage,DatePassage,Numero) Values ('1234512345','14:45:00','2008-10-20','10');
Insert Into Horaire (IDPersonne,HeurePassage,DatePassage,Numero) Values ('1122334455','12:05:00','2008-10-20','11');
Insert Into Horaire (IDPersonne,HeurePassage,DatePassage,Numero) Values ('1115511155','10:00:00','2008-10-22','12');
Insert Into Horaire (IDPersonne,HeurePassage,DatePassage,Numero) Values ('1122334455','13:32:00','2008-10-20','13');
Insert Into Horaire (IDPersonne,HeurePassage,DatePassage,Numero) Values ('1212121212','10:50:00','2008-10-28','14');
